"","msa","msa_name","eci","coi"
"1",10140,"Aberdeen, WA Micro Area",0.920371190562845,-0.710829094827736
"2",10500,"Albany, GA Metro Area",0.120482167375169,0.454294526882085
"3",10780,"Alexandria, LA Metro Area",0.0431677542737292,0.582880789337358
"4",11660,"Arkadelphia, AR Micro Area",0.0295448100061638,-1.2186973678421
"5",11980,"Athens, TX Micro Area",0.185609309857363,0.333335230787791
"6",12020,"Athens-Clarke County, GA Metro Area",0.462030987398905,0.192453637747535
"7",12060,"Atlanta-Sandy Springs-Roswell, GA Metro Area",1.04496694451314,0.70975364778479
"8",12220,"Auburn-Opelika, AL Metro Area",0.194489243549312,0.509909428589884
"9",12260,"Augusta-Richmond County, GA-SC Metro Area",0.0613361162945646,1.50455364452351
"10",12620,"Bangor, ME Metro Area",0.195376159954816,0.498358770944685
"11",12940,"Baton Rouge, LA Metro Area",0.556461361587977,0.341492475520161
"12",13140,"Beaumont-Port Arthur, TX Metro Area",-0.50822849391308,1.3534053495181
"13",13820,"Birmingham-Hoover, AL Metro Area",-0.237473418620583,2.28222891871382
"14",14740,"Bremerton-Silverdale, WA Metro Area",1.84881651360463,-1.14922156679808
"15",15260,"Brunswick, GA Metro Area",1.32694661083306,-0.68530995665879
"16",15780,"Camden, AR Micro Area",-0.689751535887823,-1.21268309125588
"17",16500,"Centralia, WA Micro Area",0.0926357365928674,0.604483434825002
"18",16700,"Charleston-North Charleston, SC Metro Area",1.36054387434555,-0.551361120548904
"19",16740,"Charlotte-Concord-Gastonia, NC-SC Metro Area",0.200446879302817,2.80744752837043
"20",16820,"Charlottesville, VA Metro Area",2.28103936612481,-1.83348842250235
"21",17200,"Claremont-Lebanon, NH-VT Micro Area",0.485484955496856,0.199117795138977
"22",17900,"Columbia, SC Metro Area",-0.00234207291677558,1.4541087667787
"23",17980,"Columbus, GA-AL Metro Area",0.432823920437433,0.148007038055399
"24",18060,"Columbus, MS Micro Area",-0.330504999665729,0.974159782342556
"25",18300,"Coos Bay, OR Micro Area",0.719736671641664,-0.61602099580642
"26",18700,"Corvallis, OR Metro Area",1.62065235842539,-0.782085777094561
"27",19100,"Dallas-Fort Worth-Arlington, TX Metro Area",1.340537523625,-0.172275883241784
"28",19260,"Danville, VA Micro Area",-0.425432804102171,0.379792689336211
"29",20980,"El Dorado, AR Micro Area",-0.531788292976,0.00137896058772025
"30",21180,"Elkins, WV Micro Area",-0.317751334314472,-0.566483478273704
"31",21660,"Eugene, OR Metro Area",0.712074946621652,0.516815190347219
"32",21700,"Eureka-Arcata-Fortuna, CA Micro Area",0.787014349440588,-0.221678184640639
"33",22100,"Farmington, MO Micro Area",-0.375125944146798,0.162337599738357
"34",23540,"Gainesville, FL Metro Area",1.37150555718443,-0.363404532809223
"35",23860,"Georgetown, SC Micro Area",0.600646767849104,-0.4186315790584
"36",23900,"Gettysburg, PA Metro Area",-0.514884950645514,0.561437198703201
"37",24420,"Grants Pass, OR Metro Area",0.42604858758287,0.0200368112330524
"38",24740,"Greenville, MS Micro Area",-0.114898369177453,0.480552686288778
"39",24940,"Greenwood, SC Micro Area",-0.43157106086302,0.423545944058226
"40",25220,"Hammond, LA Metro Area",0.176099016992912,1.06978668474153
"41",25620,"Hattiesburg, MS Metro Area",-0.0347100090639453,0.458048327278699
"42",25780,"Henderson, NC Micro Area",-0.400431802610493,-0.336073368847288
"43",25840,"Hermiston-Pendleton, OR Micro Area",-0.833454416369973,-0.351179026889976
"44",25940,"Hilton Head Island-Bluffton-Beaufort, SC Metro Area",2.21471762460502,-1.42995399498745
"45",26220,"Hood River, OR Micro Area",0.923071602718922,-0.547456285081084
"46",26300,"Hot Springs, AR Metro Area",0.772449753518649,-0.363017310202093
"47",26420,"Houston-The Woodlands-Sugar Land, TX Metro Area",0.920981268525287,0.710379626010166
"48",26860,"Indiana, PA Micro Area",-0.352513233163968,1.08361633293912
"49",27140,"Jackson, MS Metro Area",0.112290507478239,0.829715838870839
"50",27260,"Jacksonville, FL Metro Area",1.73284200812143,-0.999305720579798
"51",27380,"Jacksonville, TX Micro Area",-1.25930345481364,0.219670382661269
"52",27700,"Jesup, GA Micro Area",-0.104455041219514,-0.6541045795334
"53",27740,"Johnson City, TN Metro Area",-0.726220536684624,0.233491334415263
"54",28060,"Kalispell, MT Micro Area",0.905523914589104,-0.27229589551628
"55",28820,"Kinston, NC Micro Area",-0.78843829973291,-0.103980670625493
"56",28900,"Klamath Falls, OR Micro Area",0.507008826986864,-0.351131671769412
"57",28940,"Knoxville, TN Metro Area",-0.0922741997785893,2.10908795375803
"58",29200,"Lafayette-West Lafayette, IN Metro Area",-0.734227786919684,0.777881364520074
"59",29300,"LaGrange, GA Micro Area",-1.46768209290877,-0.561217183615061
"60",29340,"Lake Charles, LA Metro Area",0.285017347649162,-0.416096503719871
"61",29780,"Las Vegas, NM Micro Area",0.556963222201608,-1.30567554277409
"62",29860,"Laurel, MS Micro Area",-1.20723371617003,-0.111847539220753
"63",30780,"Little Rock-North Little Rock-Conway, AR Metro Area",0.294025333222853,1.8536802952847
"64",31020,"Longview, WA Metro Area",-0.6862191787371,0.418623922974499
"65",31260,"Lufkin, TX Micro Area",-0.630770910797345,0.1854854311022
"66",31420,"Macon, GA Metro Area",0.0280714991002499,0.37605690089111
"67",31620,"Magnolia, AR Micro Area",-0.361526578201729,-0.475277894708318
"68",31680,"Malvern, AR Micro Area",-0.425400242479899,-0.863144873318568
"69",32220,"Marshall, TX Micro Area",-1.17421998123204,-0.0701244307846189
"70",32620,"McComb, MS Micro Area",-0.597471792778282,-0.440228802293345
"71",32740,"Meadville, PA Micro Area",-1.41553277707585,0.568785685491391
"72",32780,"Medford, OR Metro Area",0.515356830422648,0.439611558720555
"73",32940,"Meridian, MS Micro Area",-0.425443173136114,1.02144142838037
"74",33100,"Miami-Fort Lauderdale-West Palm Beach, FL Metro Area",2.78676001677861,-3.04905637302667
"75",33740,"Monroe, LA Metro Area",0.135936823492312,1.01720483874615
"76",33780,"Monroe, MI Metro Area",-0.255025039406889,0.468472341227104
"77",33860,"Montgomery, AL Metro Area",-0.247660168644789,2.1266849338321
"78",34820,"Myrtle Beach-Conway-North Myrtle Beach, SC-NC Metro Area",1.82478489783274,-1.41532546297376
"79",34860,"Nacogdoches, TX Micro Area",-0.550335329605568,0.390100513801128
"80",35060,"Natchitoches, LA Micro Area",-0.13605859810309,-0.609466168624462
"81",35100,"New Bern, NC Metro Area",0.721198594344512,-0.182762687446519
"82",35380,"New Orleans-Metairie, LA Metro Area",1.43293209803185,-0.365522357296879
"83",35620,"New York-Newark-Jersey City, NY-NJ-PA Metro Area",2.98316459825865,-3.36438370147232
"84",36100,"Ocala, FL Metro Area",0.227371365067749,0.77148832670155
"85",36500,"Olympia-Tumwater, WA Metro Area",1.37175088924175,-0.625863698097447
"86",36660,"Opelousas, LA Micro Area",-0.161600580838021,1.05508914395656
"87",36740,"Orlando-Kissimmee-Sanford, FL Metro Area",2.95309867879867,-1.53423733117431
"88",37300,"Palestine, TX Micro Area",0.00490519859149652,-0.32027935959339
"89",37340,"Palm Bay-Melbourne-Titusville, FL Metro Area",1.86655348814536,-0.774543675459988
"90",37460,"Panama City, FL Metro Area",1.70572603904315,-1.39187546523859
"91",37860,"Pensacola-Ferry Pass-Brent, FL Metro Area",1.00349321764324,-0.271212413939476
"92",38220,"Pine Bluff, AR Metro Area",-0.84780100789402,0.787286279280016
"93",38820,"Port Angeles, WA Micro Area",1.2061624124103,-0.929239180544671
"94",38860,"Portland-South Portland, ME Metro Area",1.23267546696828,0.0790963463743974
"95",38900,"Portland-Vancouver-Hillsboro, OR-WA Metro Area",0.646980937203643,1.34082360447508
"96",40060,"Richmond, VA Metro Area",0.579014746240144,0.846563096928806
"97",40340,"Rochester, MN Metro Area",-0.341459829249075,-1.02518371884234
"98",40420,"Rockford, IL Metro Area",-1.22898852549488,1.77894582804084
"99",40580,"Rocky Mount, NC Metro Area",-0.83978536725204,1.55380188004934
"100",40820,"Ruston, LA Micro Area",0.0345372284892044,0.242536348157428
"101",40860,"Rutland, VT Micro Area",0.173329306845747,0.456399476297727
"102",41420,"Salem, OR Metro Area",0.448525607190951,0.297460615562674
"103",42020,"San Luis Obispo-Paso Robles-Arroyo Grande, CA Metro Area",1.37299882135442,-0.739766669346019
"104",42100,"Santa Cruz-Watsonville, CA Metro Area",2.2981204303047,-1.7337382782136
"105",42340,"Savannah, GA Metro Area",1.17476702075047,-0.459462566029722
"106",42660,"Seattle-Tacoma-Bellevue, WA Metro Area",2.96606110283689,-1.93808459342626
"107",42820,"Selma, AL Micro Area",-0.805292914090708,-0.415777033825175
"108",43220,"Shelton, WA Micro Area",1.09466914285533,-0.687651480593853
"109",43340,"Shreveport-Bossier City, LA Metro Area",0.0525868298511832,1.4802778785649
"110",44060,"Spokane-Spokane Valley, WA Metro Area",0.42282183898437,1.26344992587323
"111",44940,"Sumter, SC Metro Area",-0.551398172088967,0.422858766654496
"112",45180,"Talladega-Sylacauga, AL Micro Area",-1.3412460491897,-0.358059476103484
"113",45220,"Tallahassee, FL Metro Area",1.80353020143199,-0.970230190673528
"114",45500,"Texarkana, TX-AR Metro Area",-0.287450682341362,0.795642776929811
"115",45580,"Thomaston, GA Micro Area",-0.235660430594954,-1.19719042029809
"116",45620,"Thomasville, GA Micro Area",-0.0476646231326062,-0.220797139791552
"117",46220,"Tuscaloosa, AL Metro Area",-0.0832738457128934,0.650085169037857
"118",46380,"Ukiah, CA Micro Area",1.16652806664312,-0.727141421053724
"119",46660,"Valdosta, GA Metro Area",-0.382534692922602,1.02910797722076
"120",46980,"Vicksburg, MS Micro Area",-0.276872162767965,-0.230133418834944
"121",47080,"Vidalia, GA Micro Area",-0.369305506319984,-0.46558894480005
"122",47260,"Virginia Beach-Norfolk-Newport News, VA-NC Metro Area",1.61650738412863,-0.999351287223426
"123",47900,"Washington-Arlington-Alexandria, DC-VA-MD-WV Metro Area",3.52129506630945,-2.30830899694379
"124",48180,"Waycross, GA Micro Area",-0.19293009228043,-0.129642652874161
"125",48900,"Wilmington, NC Metro Area",1.27815349745884,-0.469654187082617
"126",48980,"Wilson, NC Micro Area",-0.842956568458356,0.134698009036846
"127",12460,"Bainbridge, GA Micro Area",-0.39308284622181,-0.488131911051219
"128",12540,"Bakersfield, CA Metro Area",0.0425927767499571,-0.273443916152338
"129",13900,"Bismarck, ND Metro Area",0.489244946943217,0.401957706822753
"130",14260,"Boise City, ID Metro Area",0.600091586934006,0.787753940227837
"131",15500,"Burlington, NC Metro Area",-0.844847461178892,1.23174478518319
"132",16980,"Chicago-Naperville-Elgin, IL-IN-WI Metro Area",1.076845061976,0.533599532772639
"133",20260,"Duluth, MN-WI Metro Area",0.643762354691325,-0.0542210749344967
"134",21540,"Escanaba, MI Micro Area",0.515934830011643,-0.0625174467186186
"135",23420,"Fresno, CA Metro Area",0.361666971161299,0.430370272461065
"136",25900,"Hilo, HI Micro Area",2.33899333799546,-1.60144880569385
"137",25980,"Hinesville, GA Metro Area",0.51432240095978,-0.764440792872557
"138",26090,"Holland, MI Micro Area",-0.513333005420436,1.69227702417775
"139",30300,"Lewiston, ID-WA Metro Area",0.0848530706374072,0.0833593456215211
"140",31080,"Los Angeles-Long Beach-Anaheim, CA Metro Area",2.19355472028011,-1.64329704860509
"141",31220,"Ludington, MI Micro Area",-0.274652260912152,-0.149831018481264
"142",32580,"McAllen-Edinburg-Mission, TX Metro Area",0.206716122916725,-0.234029437746599
"143",33460,"Minneapolis-St. Paul-Bloomington, MN-WI Metro Area",0.811357412805787,0.929722939637828
"144",33660,"Mobile, AL Metro Area",0.566863510992659,0.986197410202211
"145",33700,"Modesto, CA Metro Area",0.219550783737265,0.57742591619751
"146",36860,"Ottawa-Peru, IL Micro Area",-0.937957835168002,1.98069845695463
"147",37980,"Philadelphia-Camden-Wilmington, PA-NJ-DE-MD Metro Area",1.43090124064708,-0.0588889765818813
"148",38240,"Pinehurst-Southern Pines, NC Micro Area",0.489134237672391,-0.451174355795901
"149",40140,"Riverside-San Bernardino-Ontario, CA Metro Area",0.128433426843841,1.32445611890817
"150",41400,"Salem, OH Micro Area",-1.40917229767779,1.97835615798091
"151",41860,"San Francisco-Oakland-Hayward, CA Metro Area",3.59819052673761,-3.73597854476688
"152",44700,"Stockton-Lodi, CA Metro Area",-0.446735326351103,1.35685948786162
"153",45300,"Tampa-St. Petersburg-Clearwater, FL Metro Area",2.28784650486025,-1.62773092928683
"154",47300,"Visalia-Porterville, CA Metro Area",-0.445164622599491,0.0538845813092741
"155",47820,"Washington, NC Micro Area",-0.762405396994508,0.185874107173364
"156",47980,"Watertown, SD Micro Area",-0.549309491056496,0.912988515890936
"157",48700,"Williamsport, PA Metro Area",-0.619958038288287,2.56490132580688
"158",49700,"Yuba City, CA Metro Area",0.474707701727569,0.154892663285566
"159",10540,"Albany, OR Metro Area",-0.698061013455338,1.09037720315257
"160",10580,"Albany-Schenectady-Troy, NY Metro Area",1.06204356326343,0.117288201833261
"161",10620,"Albemarle, NC Micro Area",-1.0317017064243,0.863248916117292
"162",10700,"Albertville, AL Micro Area",-1.66397542805993,-0.0813130254029938
"163",10740,"Albuquerque, NM Metro Area",1.573419311605,-0.632979751758335
"164",10900,"Allentown-Bethlehem-Easton, PA-NJ Metro Area",-0.3489598788553,2.50735316842598
"165",10980,"Alpena, MI Micro Area",0.122479707303752,0.416438087635637
"166",11020,"Altoona, PA Metro Area",-0.368894040470418,2.03760216309741
"167",11140,"Americus, GA Micro Area",-0.61018298232786,-0.28477887955898
"168",11460,"Ann Arbor, MI Metro Area",1.60778665918039,-0.38839122978957
"169",11500,"Anniston-Oxford-Jacksonville, AL Metro Area",-0.898329858999664,1.42508236857934
"170",11540,"Appleton, WI Metro Area",-0.635125000282712,2.1505436096646
"171",11580,"Arcadia, FL Micro Area",-0.626750065273531,-0.985808311277797
"172",11700,"Asheville, NC Metro Area",0.362798678360063,0.976342797516346
"173",11820,"Astoria, OR Micro Area",1.25087374343444,-1.05508910387723
"174",11940,"Athens, TN Micro Area",-1.66550831565504,-0.0319047505752809
"175",12140,"Auburn, IN Micro Area",-1.87901123001111,-0.240900235381604
"176",12180,"Auburn, NY Micro Area",-0.448809847143991,1.24301440472617
"177",12300,"Augusta-Waterville, ME Micro Area",0.099525056842025,0.23005565947888
"178",12580,"Baltimore-Columbia-Towson, MD Metro Area",2.37613805639007,-1.68249031959447
"179",12660,"Baraboo, WI Micro Area",0.0216477400317677,-0.11064653663883
"180",12700,"Barnstable Town, MA Metro Area",2.3011120662002,-1.71822414907569
"181",12740,"Barre, VT Micro Area",0.60440118408807,-0.073980281859471
"182",12820,"Bastrop, LA Micro Area",-0.574438351464485,-0.57996834899083
"183",12860,"Batavia, NY Micro Area",-0.720564392459961,1.03858105571265
"184",13220,"Beckley, WV Metro Area",0.11810013080518,-0.0350712976450126
"185",13260,"Bedford, IN Micro Area",-0.818699110463255,0.375855495990394
"186",13380,"Bellingham, WA Metro Area",0.725564893684042,0.44738592747622
"187",13420,"Bemidji, MN Micro Area",0.333844091112146,-0.144616226197783
"188",13460,"Bend-Redmond, OR Metro Area",1.53820535666014,-0.959679605954929
"189",13540,"Bennington, VT Micro Area",0.309247737261719,0.434977167973881
"190",13620,"Berlin, NH-VT Micro Area",-0.0372839667631325,-0.316447968563186
"191",13660,"Big Rapids, MI Micro Area",-0.0336752329869957,-0.366964763792867
"192",13720,"Big Stone Gap, VA Micro Area",0.182257464501577,-0.621418984499406
"193",13780,"Binghamton, NY Metro Area",0.249226178946055,0.892884361398927
"194",13980,"Blacksburg-Christiansburg-Radford, VA Metro Area",0.00684506675190218,0.0464861592295711
"195",14020,"Bloomington, IN Metro Area",0.524530789767758,-0.00770084258475906
"196",14140,"Bluefield, WV-VA Micro Area",-0.635064686979169,0.501126408431635
"197",14220,"Bogalusa, LA Micro Area",-0.52215214096669,-0.756745951531301
"198",14380,"Boone, NC Micro Area",1.20998108190129,-0.99164382365852
"199",14460,"Boston-Cambridge-Newton, MA-NH Metro Area",2.43362225064832,-1.38738275922973
"200",14540,"Bowling Green, KY Metro Area",-0.528154154396601,1.16979813156612
"201",14580,"Bozeman, MT Micro Area",1.75321432637355,-1.28544079464802
"202",14620,"Bradford, PA Micro Area",-0.7863605068674,0.241391646781054
"203",14660,"Brainerd, MN Micro Area",0.164693638658054,0.19786109431626
"204",15020,"Brookhaven, MS Micro Area",-0.754798065021407,-0.429629797752508
"205",15060,"Brookings, OR Micro Area",1.44152174444663,-1.05612632465007
"206",15540,"Burlington-South Burlington, VT Metro Area",1.35297435543373,-0.313007195231492
"207",15620,"Cadillac, MI Micro Area",-0.325952180090417,0.0858756072265432
"208",15660,"Calhoun, GA Micro Area",-1.19632429470158,-0.662296403456316
"209",15680,"California-Lexington Park, MD Metro Area",2.08459209765827,-1.18877189490649
"210",15740,"Cambridge, OH Micro Area",-0.678522389277567,0.664544769960968
"211",15940,"Canton-Massillon, OH Metro Area",-0.88655568874552,3.42263182115551
"212",16020,"Cape Girardeau, MO-IL Metro Area",-0.322596862784236,0.811363503722633
"213",16540,"Chambersburg-Waynesboro, PA Metro Area",-1.00664203962861,1.39587992105997
"214",16620,"Charleston, WV Metro Area",0.52644047373513,0.22826012681162
"215",16860,"Chattanooga, TN-GA Metro Area",-0.92132649229381,2.31716128597872
"216",17020,"Chico, CA Metro Area",0.71474853891947,-0.150556929046753
"217",17060,"Chillicothe, OH Micro Area",-0.365399275681873,-0.596281495882202
"218",17140,"Cincinnati, OH-KY-IN Metro Area",-0.100720950936422,2.82937718128873
"219",17220,"Clarksburg, WV Micro Area",0.230108113287389,0.138506584566323
"220",17300,"Clarksville, TN-KY Metro Area",-0.510955230300338,1.21183050275893
"221",17420,"Cleveland, TN Metro Area",-0.694562388294165,0.00743413791688686
"222",17660,"Coeur d'Alene, ID Metro Area",0.77834711980087,0.107498111574043
"223",17740,"Coldwater, MI Micro Area",-0.93339785313822,0.388862704549746
"224",17820,"Colorado Springs, CO Metro Area",1.90529934409912,-0.954745450739927
"225",18140,"Columbus, OH Metro Area",0.29742253749024,0.955039119818318
"226",18180,"Concord, NH Micro Area",0.18927072242063,1.00235139526057
"227",18260,"Cookeville, TN Micro Area",-1.0225493981694,1.54410791615093
"228",18380,"Cordele, GA Micro Area",-0.705676937746046,-0.410328312457208
"229",18420,"Corinth, MS Micro Area",-0.199609662792954,-0.322274038358364
"230",18500,"Corning, NY Micro Area",0.348438794140417,-0.332020236740392
"231",18660,"Cortland, NY Micro Area",-0.147476029030299,-0.0162010201417347
"232",18860,"Crescent City, CA Micro Area",1.41890020400988,-1.15997262944756
"233",18880,"Crestview-Fort Walton Beach-Destin, FL Metro Area",2.20933698280065,-1.59667127036154
"234",18900,"Crossville, TN Micro Area",-0.432299000814313,-0.0148131116577122
"235",18980,"Cullman, AL Micro Area",-1.41515252670938,0.709522803497871
"236",19000,"Cullowhee, NC Micro Area",1.22357767076311,-0.989486517982817
"237",19060,"Cumberland, MD-WV Metro Area",0.158853146070501,0.356712731199793
"238",19140,"Dalton, GA Metro Area",-1.48924154409301,-0.876340900564463
"239",19300,"Daphne-Fairhope-Foley, AL Metro Area",1.36456034453555,-0.946677221071239
"240",19340,"Davenport-Moline-Rock Island, IA-IL Metro Area",-0.721415245871353,1.49091811878591
"241",19460,"Decatur, AL Metro Area",-0.977237010409638,1.38123074950951
"242",19540,"Decatur, IN Micro Area",-1.38363387746071,-0.309959917154613
"243",19660,"Deltona-Daytona Beach-Ormond Beach, FL Metro Area",1.4911359922797,-0.775885246631681
"244",19740,"Denver-Aurora-Lakewood, CO Metro Area",2.45772496403994,-2.7852350655724
"245",19760,"DeRidder, LA Micro Area",-0.343030336795471,-0.213992718890106
"246",19820,"Detroit-Warren-Dearborn, MI Metro Area",0.50184677344988,0.778453310834284
"247",20020,"Dothan, AL Metro Area",-0.406159546400291,1.31139120744803
"248",20060,"Douglas, GA Micro Area",-0.608968804186444,-0.503402598662134
"249",20140,"Dublin, GA Micro Area",-0.706068534550896,0.14779205488036
"250",20180,"DuBois, PA Micro Area",-0.63966034805805,1.46091288795745
"251",20220,"Dubuque, IA Metro Area",-0.808287276675271,1.56122930970464
"252",20380,"Dunn, NC Micro Area",-0.118158328877328,0.237018517478659
"253",20500,"Durham-Chapel Hill, NC Metro Area",1.63299444591213,-0.451233153218707
"254",20660,"Easton, MD Micro Area",1.43776261392495,-0.689697082242107
"255",20740,"Eau Claire, WI Metro Area",-0.392766555258986,2.03203833261735
"256",21020,"Elizabeth City, NC Micro Area",0.802661584446637,-0.35657039796994
"257",21060,"Elizabethtown-Fort Knox, KY Metro Area",-0.123069417081084,0.231994207929351
"258",21260,"Ellensburg, WA Micro Area",0.521421880542497,-0.174799813084644
"259",21300,"Elmira, NY Metro Area",-0.450324928797374,1.6678750924886
"260",21460,"Enterprise, AL Micro Area",-0.477175598968196,-0.2627163131696
"261",21500,"Erie, PA Metro Area",-0.497435147710474,1.36765029780051
"262",21580,"Espa±ola, NM Micro Area",0.94696260610494,-0.679453993282335
"263",21780,"Evansville, IN-KY Metro Area",-0.959363002608256,2.38341023149187
"264",22180,"Fayetteville, NC Metro Area",0.649210253845933,0.0977534211251332
"265",22220,"Fayetteville-Springdale-Rogers, AR-MO Metro Area",-0.518273126309577,-0.221540956936845
"266",22340,"Fitzgerald, GA Micro Area",-0.973915056667929,-0.774989646972397
"267",22380,"Flagstaff, AZ Metro Area",1.75897611651788,-1.2169467802714
"268",22500,"Florence, SC Metro Area",-0.241097196004992,1.27409487671199
"269",22520,"Florence-Muscle Shoals, AL Metro Area",-0.812766916908187,1.09063555012571
"270",22580,"Forest City, NC Micro Area",-0.695104737667272,0.27776390141384
"271",22660,"Fort Collins, CO Metro Area",1.53167753034681,-0.902349908791702
"272",22860,"Fort Polk South, LA Micro Area",1.02268602875249,-0.846908977887181
"273",22900,"Fort Smith, AR-OK Metro Area",-1.21847254709867,1.88967406863426
"274",23060,"Fort Wayne, IN Metro Area",-1.07967224968513,3.01678796345115
"275",23460,"Gadsden, AL Metro Area",-1.07680008422943,-0.0409756903421051
"276",23580,"Gainesville, GA Metro Area",-1.07463210413078,0.404695423668383
"277",23660,"Galesburg, IL Micro Area",-0.566138544775343,0.127560179267021
"278",24020,"Glens Falls, NY Metro Area",0.379963845782659,0.322600603064564
"279",24100,"Gloversville, NY Micro Area",-0.15177999463161,-0.20488681260104
"280",24140,"Goldsboro, NC Metro Area",-0.756506027392277,0.41323195135037
"281",24340,"Grand Rapids-Wyoming, MI Metro Area",-1.07639765891902,2.71092303020447
"282",24580,"Green Bay, WI Metro Area",-0.850920107854799,1.41642186449252
"283",24620,"Greeneville, TN Micro Area",-1.63054283741565,0.620356312922534
"284",24640,"Greenfield Town, MA Micro Area",-0.0124345953911803,0.629383689355217
"285",24660,"Greensboro-High Point, NC Metro Area",-0.514271925732673,3.1047232183105
"286",24780,"Greenville, NC Metro Area",0.116782260349781,0.437117787388555
"287",24860,"Greenville-Anderson-Mauldin, SC Metro Area",-0.705798794448244,2.63026517769771
"288",24900,"Greenwood, MS Micro Area",-0.183338392996586,-0.46821477139031
"289",24980,"Grenada, MS Micro Area",-0.530297324683094,-1.53657718626183
"290",25060,"Gulfport-Biloxi-Pascagoula, MS Metro Area",0.781708854400528,-0.71443840577757
"291",25420,"Harrisburg-Carlisle, PA Metro Area",0.183105335806869,0.862165161599745
"292",25740,"Helena, MT Micro Area",1.37350972022709,-0.542892129916103
"293",25860,"Hickory-Lenoir-Morganton, NC Metro Area",-1.29328279054692,2.41604644468736
"294",26340,"Houghton, MI Micro Area",0.669583549856207,-0.521577866352459
"295",26460,"Hudson, NY Micro Area",0.813211762610779,0.0656952681230766
"296",26580,"Huntington-Ashland, WV-KY-OH Metro Area",-0.407924758669203,1.60192400888057
"297",26620,"Huntsville, AL Metro Area",0.608647793572184,0.00683154307444293
"298",26660,"Huntsville, TX Micro Area",0.414396811546219,-0.266399358419506
"299",26900,"Indianapolis-Carmel-Anderson, IN Metro Area",0.255064337593661,1.77155693153039
"300",27020,"Iron Mountain, MI-WI Micro Area",-0.0350918985062305,-0.380292468711672
"301",27060,"Ithaca, NY Metro Area",1.35053538231918,-1.04256251271267
"302",27160,"Jackson, OH Micro Area",-0.65076258074162,-0.405664708237361
"303",27180,"Jackson, TN Metro Area",-1.1926930894165,1.71633783548831
"304",27220,"Jackson, WY-ID Micro Area",3.01784712805682,-1.45960856277557
"305",27340,"Jacksonville, NC Metro Area",1.3982493469237,-0.672582396907154
"306",27460,"Jamestown-Dunkirk-Fredonia, NY Micro Area",-0.393472068608286,1.69378198381857
"307",27540,"Jasper, IN Micro Area",-1.28463727248315,-0.50315083500051
"308",27600,"Jefferson, GA Micro Area",-0.734147508960958,-0.0997531629581967
"309",27780,"Johnstown, PA Metro Area",-0.413719655616571,1.69327496603899
"310",27900,"Joplin, MO Metro Area",-1.19170405873283,2.39900763895342
"311",28140,"Kansas City, MO-KS Metro Area",0.824754167032893,0.50400251867976
"312",28300,"Keene, NH Micro Area",0.16675668563539,0.672291829340788
"313",28380,"Kennett, MO Micro Area",-0.741070114934061,-1.30652884271152
"314",28540,"Ketchikan, AK Micro Area",2.32052978421037,-1.48630298112673
"315",28700,"Kingsport-Bristol-Bristol, TN-VA Metro Area",-0.991397737629945,2.05575058483924
"316",29060,"Laconia, NH Micro Area",1.09563272390286,-0.587660015793299
"317",29260,"La Grande, OR Micro Area",-0.00473692773105457,-0.402863657663068
"318",29380,"Lake City, FL Micro Area",0.0399005586677302,-0.143426333838393
"319",29460,"Lakeland-Winter Haven, FL Metro Area",-0.163900335140998,0.997513813982302
"320",29540,"Lancaster, PA Metro Area",-0.409812624080866,2.93477289420462
"321",29620,"Lansing-East Lansing, MI Metro Area",-0.0156168828590609,0.957985741634595
"322",29660,"Laramie, WY Micro Area",1.02954316980286,-0.491195499593226
"323",30260,"Lewisburg, PA Micro Area",-0.461406318253438,-0.922054261221517
"324",30340,"Lewiston-Auburn, ME Metro Area",-0.736572014665461,0.601553393136682
"325",30380,"Lewistown, PA Micro Area",-1.00119295148395,-0.0969831823795281
"326",30820,"Lock Haven, PA Micro Area",-0.196769232774699,0.310716733871367
"327",30880,"Logan, WV Micro Area",-0.419927719405537,-1.01029558698298
"328",30940,"London, KY Micro Area",-0.976878460027312,0.119106432065743
"329",30980,"Longview, TX Metro Area",-0.79501484957268,1.54500865050625
"330",31140,"Louisville/Jefferson County, KY-IN Metro Area",-0.517717025617463,2.17516910494892
"331",31300,"Lumberton, NC Micro Area",-1.19924852988852,-0.606799494699138
"332",31340,"Lynchburg, VA Metro Area",-0.492495632106912,0.763618245708386
"333",31460,"Madera, CA Metro Area",-0.850078765456005,-0.439932421753817
"334",31500,"Madison, IN Micro Area",-0.806267480291622,-0.963689573623587
"335",31540,"Madison, WI Metro Area",0.16585840034562,1.68100384123413
"336",31580,"Madisonville, KY Micro Area",-0.807614239887181,-0.165375648256251
"337",31660,"Malone, NY Micro Area",0.285940620699002,-0.983338379541625
"338",31700,"Manchester-Nashua, NH Metro Area",1.11771898817692,0.15295114971649
"339",31820,"Manitowoc, WI Micro Area",-1.1369253858113,1.77578860614702
"340",31860,"Mankato-North Mankato, MN Metro Area",-0.148078164557067,1.02009994141151
"341",31940,"Marinette, WI-MI Micro Area",-1.14220878405844,0.082796693636887
"342",32000,"Marion, NC Micro Area",-1.20097153057816,-1.0936714503438
"343",32100,"Marquette, MI Micro Area",0.876910045454716,-0.476252130002439
"344",32280,"Martin, TN Micro Area",-0.8728957243108,-0.383060969535084
"345",32300,"Martinsville, VA Micro Area",-0.297116735264454,0.684171077267314
"346",32460,"Mayfield, KY Micro Area",-0.607377466355203,0.235593359208
"347",32820,"Memphis, TN-MS-AR Metro Area",0.253291704286299,1.42019149001272
"348",32900,"Merced, CA Metro Area",-0.427410653738087,-0.0782555849157942
"349",32980,"Merrill, WI Micro Area",-0.805857127313927,-0.847250840346027
"350",33140,"Michigan City-La Porte, IN Metro Area",-0.729447914660598,1.12016671229378
"351",33180,"Middlesborough, KY Micro Area",-0.243449671292166,-0.932239315620883
"352",33220,"Midland, MI Metro Area",-0.0386321273970517,-0.607414618884787
"353",33300,"Milledgeville, GA Micro Area",-0.12347097876899,-0.904917459820805
"354",33340,"Milwaukee-Waukesha-West Allis, WI Metro Area",-0.271484840865127,2.32039132159998
"355",33540,"Missoula, MT Metro Area",1.20610477750069,-0.5653035169289
"356",33940,"Montrose, CO Micro Area",0.443865173135625,-0.0406552768864518
"357",33980,"Morehead City, NC Micro Area",1.63972199014069,-1.34494162397694
"358",34060,"Morgantown, WV Metro Area",0.78642646758282,-0.335198696874754
"359",34100,"Morristown, TN Metro Area",-1.03182803452486,1.18461447408381
"360",34140,"Moscow, ID Micro Area",1.23126421368777,-0.634623394062664
"361",34220,"Moultrie, GA Micro Area",-0.643068438772726,-0.252518702933079
"362",34260,"Mountain Home, AR Micro Area",0.220472043804857,-0.659601260725095
"363",34340,"Mount Airy, NC Micro Area",-0.871129762056058,0.518489815226296
"364",34380,"Mount Pleasant, MI Micro Area",0.294046021079966,-0.535690744393951
"365",34460,"Mount Sterling, KY Micro Area",-1.01615331750602,0.103396991300622
"366",34580,"Mount Vernon-Anacortes, WA Metro Area",0.61595229691897,0.657152655186111
"367",34740,"Muskegon, MI Metro Area",-0.761185913139247,0.814467930330265
"368",34980,"Nashville-Davidson--Murfreesboro--Franklin, TN Metro Area",0.877588667807676,0.666671657281624
"369",35020,"Natchez, MS-LA Micro Area",0.0269201477713616,0.491398576613113
"370",35140,"Newberry, SC Micro Area",-1.24579256852987,-0.253955806853748
"371",35420,"New Philadelphia-Dover, OH Micro Area",-1.22088871061971,2.61614014374765
"372",35440,"Newport, OR Micro Area",1.62449742443243,-1.27255728673451
"373",35900,"North Wilkesboro, NC Micro Area",-0.233923927857972,-0.923975453850838
"374",35980,"Norwich-New London, CT Metro Area",1.04111658458845,-0.487254320326559
"375",36260,"Ogden-Clearfield, UT Metro Area",0.268892511083586,1.21963646909962
"376",36300,"Ogdensburg-Massena, NY Micro Area",-0.0948242221628452,-0.0624185239865034
"377",36340,"Oil City, PA Micro Area",-1.01308912378681,1.09963098527326
"378",36460,"Olean, NY Micro Area",0.0947824687896439,0.19612599533632
"379",36540,"Omaha-Council Bluffs, NE-IA Metro Area",0.563942847374822,0.566439449362785
"380",36580,"Oneonta, NY Micro Area",0.417745565984767,-0.303952290285598
"381",36700,"Orangeburg, SC Micro Area",-0.824395673373944,1.10776007833572
"382",36780,"Oshkosh-Neenah, WI Metro Area",-0.826158200108008,0.874587446735227
"383",37060,"Oxford, MS Micro Area",1.28570320387281,-0.716980888411996
"384",37080,"Oxford, NC Micro Area",-0.71389286579657,-0.565123305276469
"385",37120,"Ozark, AL Micro Area",0.0062984327551858,-0.835147334583208
"386",37260,"Palatka, FL Micro Area",0.127713496240296,-0.378486248847744
"387",37540,"Paris, TN Micro Area",-0.316981489151095,0.0541516806499721
"388",37620,"Parkersburg-Vienna, WV Metro Area",0.0623888918423163,0.555442283610483
"389",37740,"Payson, AZ Micro Area",0.970438117366752,-1.2566531324557
"390",37900,"Peoria, IL Metro Area",-0.670892549016869,0.580781055036083
"391",37940,"Peru, IN Micro Area",-0.74497473587923,-0.214757941482795
"392",38300,"Pittsburgh, PA Metro Area",-0.0560468094011517,2.09896092175001
"393",38420,"Platteville, WI Micro Area",-0.38880064297285,0.304077127050453
"394",38460,"Plattsburgh, NY Micro Area",0.00622476195873294,1.03283011935876
"395",38580,"Point Pleasant, WV-OH Micro Area",-0.29491341933414,-0.493848657498974
"396",39020,"Portsmouth, OH Micro Area",-0.0929023959018678,-0.665703545284735
"397",39060,"Pottsville, PA Micro Area",-1.16325365476812,1.27091512545046
"398",39260,"Prineville, OR Micro Area",-0.149311005154224,-0.730250437878736
"399",39300,"Providence-Warwick, RI-MA Metro Area",0.463652747425356,1.24508501463348
"400",39580,"Raleigh, NC Metro Area",1.76755447751643,-0.515654497500137
"401",39660,"Rapid City, SD Metro Area",0.841842329997298,0.0215109742320308
"402",39740,"Reading, PA Metro Area",-0.592727558722957,2.27927584549999
"403",39780,"Red Bluff, CA Micro Area",-0.305352203504883,-0.81223077948618
"404",39820,"Redding, CA Metro Area",0.68355092989593,-0.178479714024695
"405",39860,"Red Wing, MN Micro Area",-0.665073206279324,0.641390800428092
"406",39900,"Reno, NV Metro Area",0.903550337008955,0.143873566094477
"407",39940,"Rexburg, ID Micro Area",0.507881531223381,-0.933173617978063
"408",40220,"Roanoke, VA Metro Area",-0.394736300186594,2.36170120558399
"409",40260,"Roanoke Rapids, NC Micro Area",-0.331735236681142,-0.149295477001669
"410",40380,"Rochester, NY Metro Area",0.0654985314070645,0.839657971109208
"411",40460,"Rockingham, NC Micro Area",-0.143784281336166,-0.342621197334037
"412",40620,"Rolla, MO Micro Area",-0.0385559555098078,-0.0207761349029227
"413",40660,"Rome, GA Metro Area",-0.73227919318007,1.39404400979113
"414",40700,"Roseburg, OR Micro Area",0.510601580492369,-0.156862068313927
"415",40780,"Russellville, AR Micro Area",-0.967648410626118,0.558480305471228
"416",40900,"Sacramento--Roseville--Arden-Arcade, CA Metro Area",1.81720197821582,-0.910713847566235
"417",40980,"Saginaw, MI Metro Area",-0.00903944976323606,0.186691457279782
"418",41140,"St. Joseph, MO-KS Metro Area",-0.899910238944762,1.05029609240314
"419",41180,"St. Louis, MO-IL Metro Area",0.175331059163512,1.69466193978187
"420",41220,"St. Marys, GA Micro Area",1.78647109104156,-1.08606688270093
"421",41540,"Salisbury, MD-DE Metro Area",1.18549794815649,-0.759848331688227
"422",41760,"Sandpoint, ID Micro Area",1.19418415679684,-0.443373661176398
"423",41820,"Sanford, NC Micro Area",-0.869048277392221,-0.398043403975291
"424",42220,"Santa Rosa, CA Metro Area",1.3682624449835,-0.418232180045162
"425",42300,"Sault Ste. Marie, MI Micro Area",1.14044241214639,-0.580947985382394
"426",42380,"Sayre, PA Micro Area",-0.780753719904672,-0.113089605714052
"427",42460,"Scottsboro, AL Micro Area",-1.19711811654,0.203019851646066
"428",42540,"Scranton--Wilkes-Barre--Hazleton, PA Metro Area",-0.568574651400421,2.41703279481003
"429",42620,"Searcy, AR Micro Area",-0.969511614227456,0.640679036705945
"430",42780,"Selinsgrove, PA Micro Area",-0.316173520266875,-0.3738840339454
"431",42860,"Seneca, SC Micro Area",-0.432524793724963,-0.170982327236537
"432",42980,"Seymour, IN Micro Area",-1.53191253924339,-0.829060228516762
"433",43020,"Shawano, WI Micro Area",-0.443300751694496,0.495770367655993
"434",43140,"Shelby, NC Micro Area",-0.735082421632268,1.22137960945757
"435",43320,"Show Low, AZ Micro Area",0.859152544176177,-0.827864816513119
"436",43700,"Somerset, KY Micro Area",-0.461660589981963,0.0291487970589042
"437",43740,"Somerset, PA Micro Area",-0.975149777601017,1.28257385175884
"438",43760,"Sonora, CA Micro Area",1.09014134121468,-0.773172932284451
"439",43780,"South Bend-Mishawaka, IN-MI Metro Area",-1.05412265613508,1.29891982894057
"440",43900,"Spartanburg, SC Metro Area",-1.18088195417182,3.12767812688481
"441",43940,"Spearfish, SD Micro Area",1.27088639651584,-0.89304924971744
"442",44140,"Springfield, MA Metro Area",0.146164954002299,0.743858706734942
"443",44180,"Springfield, MO Metro Area",-0.431988297178991,2.0554874277257
"444",44260,"Starkville, MS Micro Area",0.533980189313478,-0.646666194777938
"445",44300,"State College, PA Metro Area",0.999896217531055,-0.222540334855882
"446",44340,"Statesboro, GA Micro Area",0.145801332995873,-0.275386493845327
"447",44420,"Staunton-Waynesboro, VA Metro Area",-0.529710225018358,1.134344760396
"448",44620,"Stevens Point, WI Micro Area",-0.062415372690215,0.111419728114235
"449",44900,"Summerville, GA Micro Area",-0.94144560108425,-1.83946552000251
"450",45000,"Susanville, CA Micro Area",1.34900867594117,-0.965383474952956
"451",45060,"Syracuse, NY Metro Area",0.250759628351145,1.2537200317388
"452",45460,"Terre Haute, IN Metro Area",-0.87593431104374,1.93760069353125
"453",45520,"The Dalles, OR Micro Area",0.946619723486944,-0.923094161194911
"454",45700,"Tifton, GA Micro Area",-0.347752985314057,0.351095615432143
"455",45860,"Torrington, CT Micro Area",0.292191444029489,1.04054543876121
"456",45900,"Traverse City, MI Micro Area",0.734233122991939,-0.0442283192618361
"457",45980,"Troy, AL Micro Area",-0.781884956500971,-0.608744714936681
"458",46020,"Truckee-Grass Valley, CA Micro Area",1.34727771142448,-0.637487677881219
"459",46100,"Tullahoma-Manchester, TN Micro Area",-0.452085691144383,0.117821454241953
"460",46180,"Tupelo, MS Micro Area",-1.0574708865886,0.982549352812184
"461",46340,"Tyler, TX Metro Area",0.103565560330235,0.333209044330207
"462",46540,"Utica-Rome, NY Metro Area",-0.254014844433362,1.65775774726884
"463",46740,"Valley, AL Micro Area",-0.45512856650264,-1.36952166630134
"464",46860,"Vernal, UT Micro Area",0.382833004741692,-0.66299384352501
"465",47460,"Walla Walla, WA Metro Area",0.272047500845694,-0.611810168758243
"466",47580,"Warner Robins, GA Metro Area",0.52491693874756,-0.262910183177968
"467",47620,"Warren, PA Micro Area",-0.8581662916029,-0.328671919341666
"468",48060,"Watertown-Fort Drum, NY Metro Area",0.553180325517993,0.175384157262125
"469",48100,"Wauchula, FL Micro Area",-0.003681482876519,-1.29994643281923
"470",48140,"Wausau, WI Metro Area",-1.19592428402995,2.06695731391508
"471",48300,"Wenatchee, WA Metro Area",0.82586190697572,-0.627383900758755
"472",48460,"West Plains, MO Micro Area",-0.645430452028874,0.254416985677288
"473",48540,"Wheeling, WV-OH Metro Area",-0.377260248212016,0.76938443562983
"474",49180,"Winston-Salem, NC Metro Area",-0.640980239358998,1.67619244368712
"475",49220,"Wisconsin Rapids-Marshfield, WI Micro Area",-0.598503480290796,0.0225835831682228
"476",49340,"Worcester, MA-CT Metro Area",-0.303918413387579,2.54804585182949
"477",49420,"Yakima, WA Metro Area",-0.29269350589804,0.422241364650605
"478",49620,"York-Hanover, PA Metro Area",-1.20119189592911,3.08234289410454
"479",49660,"Youngstown-Warren-Boardman, OH-PA Metro Area",-0.838877192311684,2.68354609738127
"480",49780,"Zanesville, OH Micro Area",-0.577654789387489,0.378986470367355
"481",11260,"Anchorage, AK Metro Area",1.96838786298827,-1.88924500576809
"482",12100,"Atlantic City-Hammonton, NJ Metro Area",1.26517426654283,-0.753713385697457
"483",13060,"Bay City, TX Micro Area",0.664676547657496,-0.65879601368741
"484",14860,"Bridgeport-Stamford-Norwalk, CT Metro Area",1.77819797064591,-0.851213097379837
"485",15180,"Brownsville-Harlingen, TX Metro Area",1.03606039071843,-0.811114657489482
"486",15700,"Cambridge, MD Micro Area",-0.0366259218118233,-0.888658794086525
"487",15980,"Cape Coral-Fort Myers, FL Metro Area",2.31851909785395,-1.75896163872852
"488",18580,"Corpus Christi, TX Metro Area",0.270956496916647,0.282444835898895
"489",26140,"Homosassa Springs, FL Metro Area",0.991058557174557,-0.621833994936746
"490",26380,"Houma-Thibodaux, LA Metro Area",0.189835512920132,-0.562204393480163
"491",28580,"Key West, FL Micro Area",2.62211430019258,-1.63397334939181
"492",28620,"Kill Devil Hills, NC Micro Area",2.44048889593903,-1.48460643915401
"493",29180,"Lafayette, LA Metro Area",0.325714818031396,0.778677590105759
"494",34940,"Naples-Immokalee-Marco Island, FL Metro Area",2.23359630440055,-1.40196313878684
"495",35300,"New Haven-Milford, CT Metro Area",0.532596020167895,0.914281560005431
"496",35840,"North Port-Sarasota-Bradenton, FL Metro Area",1.86567938070889,-1.17102896506622
"497",36020,"Oak Harbor, WA Micro Area",1.65394423148483,-0.943515140065917
"498",36140,"Ocean City, NJ Metro Area",2.06400112805917,-1.53095802637384
"499",37100,"Oxnard-Thousand Oaks-Ventura, CA Metro Area",1.00891055051735,0.361816127410149
"500",38940,"Port St. Lucie, FL Metro Area",1.04194748934252,-0.381864965616224
"501",39340,"Provo-Orem, UT Metro Area",1.47910119682456,-0.353063359749994
"502",41500,"Salinas, CA Metro Area",1.82577755410961,-1.01227891829596
"503",41740,"San Diego-Carlsbad, CA Metro Area",2.77531742756999,-2.83218498973897
"504",41780,"Sandusky, OH Micro Area",-0.182166206828387,0.158466850979011
"505",41940,"San Jose-Sunnyvale-Santa Clara, CA Metro Area",2.6463255119906,-0.718971377174702
"506",42680,"Sebastian-Vero Beach, FL Metro Area",1.89197413840963,-1.13145743855527
"507",45780,"Toledo, OH Metro Area",-1.25255537530852,2.90750698546511
"508",46520,"Urban Honolulu, HI Metro Area",2.64483589354561,-2.05881815783966
"509",47220,"Vineland-Bridgeton, NJ Metro Area",-0.476176369593245,0.930135151109253
"510",47240,"Vineyard Haven, MA Micro Area",2.39585120215256,-1.32285822314592
"511",12420,"Austin-Round Rock, TX Metro Area",2.91355067267563,-2.24487163646646
"512",17460,"Cleveland-Elyria, OH Metro Area",-0.604919328673199,2.59012411282214
"513",19380,"Dayton, OH Metro Area",-0.139228898501205,1.14803273004474
"514",19620,"Del Rio, TX Micro Area",0.355652495196463,-0.792899328199846
"515",19780,"Des Moines-West Des Moines, IA Metro Area",0.801248939089985,0.0623922260693061
"516",20900,"El Campo, TX Micro Area",-0.998433397747573,0.0847571537844135
"517",24220,"Grand Forks, ND-MN Metro Area",0.154636212715176,1.00768078506908
"518",24500,"Great Falls, MT Metro Area",0.452444272775665,0.640799313797933
"519",26780,"Hutchinson, MN Micro Area",-0.725888115699645,-0.341636234711704
"520",27860,"Jonesboro, AR Metro Area",-0.550093303948027,1.37035331959398
"521",28500,"Kerrville, TX Micro Area",0.793461881562051,-0.501783197351444
"522",28780,"Kingsville, TX Micro Area",0.322022587087347,-0.948162262996737
"523",34180,"Moses Lake, WA Micro Area",-0.382769532592977,-0.256821195416232
"524",41700,"San Antonio-New Braunfels, TX Metro Area",0.876048965935757,0.626146027287251
"525",44020,"Spirit Lake, IA Micro Area",0.690887549690082,-0.466886402667702
"526",44980,"Sunbury, PA Micro Area",-0.988879366511594,1.48538636401092
"527",46140,"Tulsa, OK Metro Area",-0.00259964195325859,1.556017908925
"528",46620,"Uvalde, TX Micro Area",0.163729124244695,-0.293310040870552
"529",10100,"Aberdeen, SD Micro Area",-0.285905343540403,0.899653720762292
"530",10180,"Abilene, TX Metro Area",0.0873696394250364,0.483558783392165
"531",10220,"Ada, OK Micro Area",-0.314928270036557,0.0872830286470721
"532",10300,"Adrian, MI Micro Area",-0.600611933715243,0.80668092485791
"533",10420,"Akron, OH Metro Area",-0.907237228128974,2.36998541076414
"534",10660,"Albert Lea, MN Micro Area",-1.01245977067501,0.535407268456762
"535",10820,"Alexandria, MN Micro Area",0.0046125209089023,0.740717111250408
"536",10860,"Alice, TX Micro Area",-0.942251227457334,-1.91491365584245
"537",10940,"Alma, MI Micro Area",-1.08435616798312,0.0995571947507153
"538",11060,"Altus, OK Micro Area",-0.178600291216653,-1.02319675092576
"539",11100,"Amarillo, TX Metro Area",0.240453030800432,0.56513639941152
"540",11180,"Ames, IA Metro Area",0.497069711663285,0.417131473860073
"541",11220,"Amsterdam, NY Micro Area",-0.864828640837901,-0.159235183819353
"542",11380,"Andrews, TX Micro Area",-0.239578124676612,-1.40525484248311
"543",11420,"Angola, IN Micro Area",-1.28304992534619,0.0307157939888665
"544",11620,"Ardmore, OK Micro Area",-0.144819780039378,-0.129994858807444
"545",11680,"Arkansas City-Winfield, KS Micro Area",-1.31479423673375,-0.518985676290295
"546",11740,"Ashland, OH Micro Area",-0.912280590783017,0.349184972213281
"547",11780,"Ashtabula, OH Micro Area",-1.04076347517917,1.24463181281878
"548",11860,"Atchison, KS Micro Area",-0.472310677252504,-0.996632086640931
"549",11900,"Athens, OH Micro Area",0.575161544848636,-0.610014485242913
"550",12380,"Austin, MN Micro Area",-0.408893153004395,-0.597912802590926
"551",12680,"Bardstown, KY Micro Area",-0.470891594727318,-0.359007984375784
"552",12780,"Bartlesville, OK Micro Area",0.0458805794077807,-0.951046416907115
"553",12900,"Batesville, AR Micro Area",-0.916243676764732,-0.300799733164291
"554",12980,"Battle Creek, MI Metro Area",-0.506729943630289,0.564633450511364
"555",13020,"Bay City, MI Metro Area",-0.380086478464199,1.23647955929959
"556",13100,"Beatrice, NE Micro Area",-0.883140052298223,0.550244553417959
"557",13180,"Beaver Dam, WI Micro Area",-1.64830869684931,1.38046930640092
"558",13300,"Beeville, TX Micro Area",0.158027117757499,-0.419401714737967
"559",13340,"Bellefontaine, OH Micro Area",-0.590649769163132,-0.864919312387176
"560",13500,"Bennettsville, SC Micro Area",-0.483535710026889,-1.06158451395257
"561",13700,"Big Spring, TX Micro Area",-0.217599995646318,0.0528094776227337
"562",13740,"Billings, MT Metro Area",0.641381957478641,0.359047023163087
"563",13940,"Blackfoot, ID Micro Area",-0.20494015536196,-0.395331055294704
"564",14010,"Bloomington, IL Metro Area",0.11815307502212,-0.662919365220564
"565",14100,"Bloomsburg-Berwick, PA Metro Area",-0.629675473200216,-0.220347386853599
"566",14180,"Blytheville, AR Micro Area",-1.3386772107607,-0.266521715954874
"567",14340,"Boone, IA Micro Area",0.0895944757249992,-0.241811017255738
"568",14420,"Borger, TX Micro Area",-0.677874296474206,-1.48717510738455
"569",14500,"Boulder, CO Metro Area",2.30957063411546,-1.10829746472328
"570",14700,"Branson, MO Micro Area",1.93563597881934,-1.11791791981751
"571",14720,"Breckenridge, CO Micro Area",2.94522701372926,-1.48163068971116
"572",14780,"Brenham, TX Micro Area",-0.770611050545172,0.115239351764565
"573",14820,"Brevard, NC Micro Area",1.28785217397608,-0.752670896526852
"574",15100,"Brookings, SD Micro Area",0.382755572173399,-0.294460439414418
"575",15220,"Brownwood, TX Micro Area",-0.770303642910426,-0.663302378265161
"576",15340,"Bucyrus, OH Micro Area",-0.916930084999231,0.821409638421131
"577",15380,"Buffalo-Cheektowaga-Niagara Falls, NY Metro Area",0.217503216563387,1.79736887130685
"578",15420,"Burley, ID Micro Area",-0.940954046496403,-0.337992778503589
"579",15460,"Burlington, IA-IL Micro Area",-0.399971485661734,-0.325601195587305
"580",15580,"Butte-Silver Bow, MT Micro Area",0.336504026192915,-0.296277198532685
"581",15820,"Campbellsville, KY Micro Area",-1.16288744528546,-1.2585072040032
"582",15860,"Ca±on City, CO Micro Area",0.527790029042714,-0.331207495779212
"583",15900,"Canton, IL Micro Area",-0.365758011198995,-0.371139405050638
"584",16060,"Carbondale-Marion, IL Metro Area",-0.362184893539251,0.495397018997478
"585",16100,"Carlsbad-Artesia, NM Micro Area",-0.073326796008947,-0.659551281218813
"586",16180,"Carson City, NV Metro Area",0.153223738668083,0.295952797494331
"587",16220,"Casper, WY Metro Area",0.314113741787751,0.30433385917478
"588",16260,"Cedar City, UT Micro Area",0.540297102756906,-0.253501363037356
"589",16300,"Cedar Rapids, IA Metro Area",-0.471260214471425,0.733274164163738
"590",16340,"Cedartown, GA Micro Area",-1.27296028190113,-0.712229994430102
"591",16380,"Celina, OH Micro Area",-1.65764183922222,0.190024559830945
"592",16460,"Centralia, IL Micro Area",-0.839821574907657,0.183784687023613
"593",16580,"Champaign-Urbana, IL Metro Area",0.233329905111681,0.357083279955974
"594",16660,"Charleston-Mattoon, IL Micro Area",-0.642004298166427,-0.171885851755798
"595",16940,"Cheyenne, WY Metro Area",0.808482617774267,0.2905377102057
"596",17260,"Clarksdale, MS Micro Area",-0.574667934732439,-0.614240476636005
"597",17340,"Clearlake, CA Micro Area",0.820278714300621,-1.23305890434565
"598",17380,"Cleveland, MS Micro Area",-0.0314867260164528,-0.62211176649049
"599",17500,"Clewiston, FL Micro Area",0.320424477740018,-0.785323876685296
"600",17540,"Clinton, IA Micro Area",-0.913170203368422,0.495584795038531
"601",17580,"Clovis, NM Micro Area",-0.282994942167155,-0.0433208079038158
"602",17700,"Coffeyville, KS Micro Area",-1.53618155869559,-0.953697833883405
"603",17780,"College Station-Bryan, TX Metro Area",0.778933327673158,0.4131422572013
"604",17860,"Columbia, MO Metro Area",0.837382505663236,-0.110911496362576
"605",18020,"Columbus, IN Metro Area",-1.38056778821376,-1.05293987800839
"606",18100,"Columbus, NE Micro Area",-0.613877875874313,0.523980916088477
"607",18220,"Connersville, IN Micro Area",-0.609949554436968,-0.835414028637766
"608",18460,"Cornelia, GA Micro Area",-0.852629614337183,-0.879903356194049
"609",18620,"Corsicana, TX Micro Area",-0.988184390174981,0.558974285482793
"610",18740,"Coshocton, OH Micro Area",-1.06565991156744,-0.148346626287523
"611",18780,"Craig, CO Micro Area",0.00655224661505598,-0.368168578865982
"612",18820,"Crawfordsville, IN Micro Area",-1.56466256817377,-0.726458537443621
"613",19180,"Danville, IL Metro Area",-0.731854913117584,0.215058132252504
"614",19220,"Danville, KY Micro Area",-0.6501543390803,-0.184015763525008
"615",19420,"Dayton, TN Micro Area",-0.960062009034118,-1.21039649710617
"616",19500,"Decatur, IL Metro Area",-0.713199844503896,0.278879414549266
"617",19580,"Defiance, OH Micro Area",-1.0144089058437,-0.122963262966819
"618",19700,"Deming, NM Micro Area",-0.00324371722555278,-1.24103136562306
"619",19860,"Dickinson, ND Micro Area",-0.376941458391476,0.358669975972575
"620",19940,"Dixon, IL Micro Area",-0.324879277724372,0.171733520156663
"621",19980,"Dodge City, KS Micro Area",-0.295787468818427,-1.1891923580583
"622",20100,"Dover, DE Metro Area",0.48461943895241,-0.0612234453401275
"623",20300,"Dumas, TX Micro Area",-0.592645999724547,-1.47908861729504
"624",20340,"Duncan, OK Micro Area",-0.699191610948162,-0.768454836165249
"625",20420,"Durango, CO Micro Area",1.62025141361842,-0.951334604042434
"626",20460,"Durant, OK Micro Area",-0.8960324147265,0.332488390343356
"627",20540,"Dyersburg, TN Micro Area",-1.19656675796655,-0.672253104294969
"628",20580,"Eagle Pass, TX Micro Area",0.332313129039896,-0.77832769141869
"629",20700,"East Stroudsburg, PA Metro Area",0.657311093759456,-0.564243537310651
"630",20780,"Edwards, CO Micro Area",2.98242711156409,-1.28870621724742
"631",20820,"Effingham, IL Micro Area",-0.190644715930366,0.112907026410766
"632",20940,"El Centro, CA Metro Area",0.301344731733118,-0.816218476667512
"633",21120,"Elk City, OK Micro Area",-1.14397724813221,-1.28928209905529
"634",21140,"Elkhart-Goshen, IN Metro Area",-1.75869346274629,0.821631850612577
"635",21220,"Elko, NV Micro Area",0.00860062120102161,-1.68804416414651
"636",21340,"El Paso, TX Metro Area",0.503630042684955,0.845387839010898
"637",21380,"Emporia, KS Micro Area",-0.658608624839313,0.0982317489969904
"638",21420,"Enid, OK Micro Area",-0.299502551267256,0.101877725805907
"639",21740,"Evanston, WY Micro Area",-0.0943378089636461,-0.472130724817176
"640",21820,"Fairbanks, AK Metro Area",1.52580782542743,-0.923952947698017
"641",21840,"Fairfield, IA Micro Area",0.515835141504275,0.123339423282684
"642",21900,"Fairmont, WV Micro Area",-0.150543408817512,0.00168660079038719
"643",21980,"Fallon, NV Micro Area",0.181385862573928,-0.390544727496401
"644",22020,"Fargo, ND-MN Metro Area",0.326431917671579,1.1128802506334
"645",22060,"Faribault-Northfield, MN Micro Area",-0.642482589567505,0.248193498520501
"646",22140,"Farmington, NM Metro Area",-0.678197213949158,-0.566316732154827
"647",22260,"Fergus Falls, MN Micro Area",-0.953077927461479,0.974600181303245
"648",22280,"Fernley, NV Micro Area",-0.32126963549235,0.58281782147
"649",22300,"Findlay, OH Micro Area",-1.48925821047763,-0.275860329172844
"650",22420,"Flint, MI Metro Area",-0.0677136311049937,0.81783572208636
"651",22540,"Fond du Lac, WI Metro Area",-0.683898704335535,1.17383046955217
"652",22620,"Forrest City, AR Micro Area",-0.547781208537357,-0.85554499778833
"653",22700,"Fort Dodge, IA Micro Area",-0.274778961287665,-0.329824840604982
"654",22780,"Fort Leonard Wood, MO Micro Area",0.993370118622526,-0.832476660299855
"655",22800,"Fort Madison-Keokuk, IA-IL-MO Micro Area",-0.891537229877031,0.845096481199063
"656",22820,"Fort Morgan, CO Micro Area",-0.836748825680237,-0.820713501910306
"657",23140,"Frankfort, IN Micro Area",-1.35101089127802,-0.548319894508401
"658",23180,"Frankfort, KY Micro Area",-0.0389882047006168,-0.424092100729209
"659",23240,"Fredericksburg, TX Micro Area",0.581532316558749,-0.415953960498794
"660",23300,"Freeport, IL Micro Area",-0.840679676235083,0.555480706739087
"661",23340,"Fremont, NE Micro Area",-0.958599067751698,0.223243160382726
"662",23380,"Fremont, OH Micro Area",-1.24456490122408,0.350242680424106
"663",23500,"Gaffney, SC Micro Area",-0.994547067296374,0.0788527438355165
"664",23620,"Gainesville, TX Micro Area",-0.822793714416863,0.209768869280384
"665",23780,"Garden City, KS Micro Area",-0.114590765933941,-0.210382652263356
"666",23820,"Gardnerville Ranchos, NV Micro Area",1.638553587803,-0.765283504341042
"667",23940,"Gillette, WY Micro Area",0.378486745094148,-0.731074666348378
"668",23980,"Glasgow, KY Micro Area",-0.887512495464391,0.466005432274794
"669",24060,"Glenwood Springs, CO Micro Area",2.23690676883268,-1.33050810952808
"670",24260,"Grand Island, NE Metro Area",-0.439475396379511,0.310080996853732
"671",24300,"Grand Junction, CO Metro Area",0.494530982035747,0.279351621002288
"672",24460,"Great Bend, KS Micro Area",-0.696046569070122,-0.252253089692292
"673",24540,"Greeley, CO Metro Area",-0.864119280164956,0.833461997767412
"674",24700,"Greensburg, IN Micro Area",-1.60715838725322,-0.955350954345363
"675",24820,"Greenville, OH Micro Area",-1.47838015844359,0.314852052961493
"676",25100,"Guymon, OK Micro Area",-0.270661567660399,-0.535502686151617
"677",25180,"Hagerstown-Martinsburg, MD-WV Metro Area",-0.302611148828504,1.26092990124902
"678",25200,"Hailey, ID Micro Area",2.30389454269551,-1.20643247480404
"679",25260,"Hanford-Corcoran, CA Metro Area",-0.450651327727853,-0.640338772623719
"680",25300,"Hannibal, MO Micro Area",-0.570880085744493,0.0241961775619233
"681",25460,"Harrison, AR Micro Area",-0.489160824098964,0.404683062581485
"682",25500,"Harrisonburg, VA Metro Area",-0.287667014260157,0.0154566729220393
"683",25540,"Hartford-West Hartford-East Hartford, CT Metro Area",0.72897715332151,0.736463375064328
"684",25580,"Hastings, NE Micro Area",-1.0517987624077,1.01539241572481
"685",25700,"Hays, KS Micro Area",0.292417278379061,-0.201538046283972
"686",25720,"Heber, UT Micro Area",1.63020540398225,-0.986765947944505
"687",25760,"Helena-West Helena, AR Micro Area",-0.478301334763483,-0.638621439498907
"688",25820,"Hereford, TX Micro Area",-1.0863221794955,-1.40476840315913
"689",25880,"Hillsdale, MI Micro Area",-0.881371123502177,0.311446999262782
"690",26020,"Hobbs, NM Micro Area",-0.103112200131263,-0.861792479489965
"691",26500,"Huntingdon, PA Micro Area",-0.447731262077671,-0.462420647646722
"692",26540,"Huntington, IN Micro Area",-1.44835090831967,-0.0611038649307315
"693",26700,"Huron, SD Micro Area",-0.557330035872046,-0.398296469668381
"694",26740,"Hutchinson, KS Micro Area",-0.893429579534176,1.60516605520773
"695",26820,"Idaho Falls, ID Metro Area",0.357939177467121,0.503822974611673
"696",26940,"Indianola, MS Micro Area",-0.345123171449219,-0.728450788083149
"697",26960,"Ionia, MI Micro Area",-1.42492704024454,-1.12708905220055
"698",26980,"Iowa City, IA Metro Area",0.425550202291065,0.0704841220558543
"699",27100,"Jackson, MI Metro Area",-0.720541038218141,0.56291120112365
"700",27300,"Jacksonville, IL Micro Area",-0.911953190840846,-0.267573873674206
"701",27420,"Jamestown, ND Micro Area",-0.264182888694259,-0.153979695917575
"702",27500,"Janesville-Beloit, WI Metro Area",-1.07862567236113,1.54004661674205
"703",27620,"Jefferson City, MO Metro Area",-0.437364452977672,0.604225948277193
"704",27920,"Junction City, KS Micro Area",0.994254127590368,-0.693565059251286
"705",27940,"Juneau, AK Micro Area",2.65559301162662,-1.78296738896115
"706",27980,"Kahului-Wailuku-Lahaina, HI Metro Area",3.10870376900484,-1.81991756274196
"707",28020,"Kalamazoo-Portage, MI Metro Area",-0.28136556421692,1.50739530800563
"708",28100,"Kankakee, IL Metro Area",-0.94770510671453,1.19016609608797
"709",28180,"Kapaa, HI Micro Area",2.82061850657357,-1.53683511015029
"710",28260,"Kearney, NE Micro Area",-0.149411704799655,0.00320645111840744
"711",28340,"Kendallville, IN Micro Area",-1.67689705085593,-0.349143975378472
"712",28420,"Kennewick-Richland, WA Metro Area",0.75000799182279,-0.513207939764042
"713",28660,"Killeen-Temple, TX Metro Area",0.0607416380929297,0.0895982461291388
"714",28740,"Kingston, NY Metro Area",0.943040377011932,0.0710056563392381
"715",28860,"Kirksville, MO Micro Area",0.358397791441723,-0.595235227552047
"716",29020,"Kokomo, IN Metro Area",0.0744567813872618,-0.667925429337238
"717",29100,"La Crosse-Onalaska, WI-MN Metro Area",-0.55717712284031,0.598126495488061
"718",29420,"Lake Havasu City-Kingman, AZ Metro Area",0.345365888202912,0.0226528275198038
"719",29500,"Lamesa, TX Micro Area",-0.191366641657986,-1.43820311318945
"720",29700,"Laredo, TX Metro Area",0.890137667120371,-0.596622368394788
"721",29740,"Las Cruces, NM Metro Area",0.813797237554361,-0.299554304641798
"722",29820,"Las Vegas-Henderson-Paradise, NV Metro Area",3.10486676818512,-1.15763369189775
"723",29900,"Laurinburg, NC Micro Area",-0.547154500324731,-0.628954540425551
"724",29940,"Lawrence, KS Metro Area",1.02668635779896,-0.375629603642211
"725",29980,"Lawrenceburg, TN Micro Area",-1.25054876335965,-0.0313793662398102
"726",30020,"Lawton, OK Metro Area",0.453387164248805,-0.228826945413033
"727",30060,"Lebanon, MO Micro Area",-0.905668383788618,-0.21096829405139
"728",30140,"Lebanon, PA Metro Area",-0.814210820837878,1.12166880940655
"729",30220,"Levelland, TX Micro Area",-0.90181914947537,-1.31191170898813
"730",30280,"Lewisburg, TN Micro Area",-1.39326649518644,-0.619710679481274
"731",30420,"Lexington, NE Micro Area",-0.823197752772609,-1.08631788795551
"732",30460,"Lexington-Fayette, KY Metro Area",-0.170375505248083,2.15710666162737
"733",30580,"Liberal, KS Micro Area",-0.0216554176623672,-1.05030103525856
"734",30620,"Lima, OH Metro Area",-0.830184790063887,1.23200263568291
"735",30660,"Lincoln, IL Micro Area",-0.409241260113637,-1.03087418110438
"736",30700,"Lincoln, NE Metro Area",0.695506470926769,0.549305566576205
"737",30860,"Logan, UT-ID Metro Area",0.470834675996366,0.521230452110762
"738",30900,"Logansport, IN Micro Area",-1.05416983624311,-0.30454348539642
"739",31180,"Lubbock, TX Metro Area",0.209425044968907,0.977719738855296
"740",31380,"Macomb, IL Micro Area",-0.339109508349043,-0.964058215825881
"741",31740,"Manhattan, KS Metro Area",0.85213974268862,-0.170759438433892
"742",31900,"Mansfield, OH Metro Area",-1.00292872579671,1.09611674029551
"743",31930,"Marietta, OH Micro Area",-0.563167405228223,0.39128836627041
"744",31980,"Marion, IN Micro Area",-1.34729397488658,-1.15511461811417
"745",32020,"Marion, OH Micro Area",-1.01665153579117,0.530465700449899
"746",32140,"Marshall, MN Micro Area",-0.440251056307125,-0.196104240904028
"747",32180,"Marshall, MO Micro Area",-1.14707113857294,-1.24933798331381
"748",32260,"Marshalltown, IA Micro Area",-0.906836951067626,-0.660985130289358
"749",32340,"Maryville, MO Micro Area",-0.703653544623424,-1.01284594082881
"750",32380,"Mason City, IA Micro Area",-0.496309746276577,0.612160637144717
"751",32500,"Maysville, KY Micro Area",-0.0534964518673412,-1.05016525141396
"752",32540,"McAlester, OK Micro Area",-0.566109627198842,0.387332871058407
"753",32660,"McMinnville, TN Micro Area",-1.51785981065649,-0.369667400424289
"754",32700,"McPherson, KS Micro Area",-1.01278258952467,-0.462469022068136
"755",32860,"Menomonie, WI Micro Area",-0.910899544716492,0.146397730981466
"756",33020,"Mexico, MO Micro Area",-1.07205837184817,-0.0462919550847152
"757",33060,"Miami, OK Micro Area",-0.60187337328115,0.0178540263188911
"758",33260,"Midland, TX Metro Area",0.132563231158775,-0.739595096421097
"759",33420,"Mineral Wells, TX Micro Area",-0.967618554857424,0.4758604556514
"760",33500,"Minot, ND Micro Area",0.439737047560559,-0.0175028460555425
"761",33580,"Mitchell, SD Micro Area",-0.25795179621927,0.188623040547636
"762",33620,"Moberly, MO Micro Area",-0.6864538423178,-0.318324970139354
"763",34020,"Morgan City, LA Micro Area",-0.218574607779337,-0.382141445522464
"764",34300,"Mountain Home, ID Micro Area",0.364979138636358,-0.485387653468595
"765",34420,"Mount Pleasant, TX Micro Area",-1.27373588552214,-1.34910574996743
"766",34500,"Mount Vernon, IL Micro Area",-0.912064023984794,-0.758234215912929
"767",34540,"Mount Vernon, OH Micro Area",-1.07842636612857,-0.234217171152178
"768",34620,"Muncie, IN Metro Area",0.183053057309194,0.28430983503656
"769",34660,"Murray, KY Micro Area",-0.654858872288324,-0.961790051643087
"770",34700,"Muscatine, IA Micro Area",-1.52049440695912,-0.0653755516663144
"771",34780,"Muskogee, OK Micro Area",-0.639822488680082,1.18915602063591
"772",34900,"Napa, CA Metro Area",2.14254591142178,-1.07843558942079
"773",35220,"New Castle, IN Micro Area",-1.06059216334352,0.316713051522995
"774",35260,"New Castle, PA Micro Area",-0.940246956559787,1.54933209794948
"775",35460,"Newport, TN Micro Area",-0.976412794366681,-0.812141016854612
"776",35500,"Newton, IA Micro Area",-1.00492301031792,-0.285103059770702
"777",35580,"New Ulm, MN Micro Area",-0.505522694298285,-0.488141850482955
"778",35660,"Niles-Benton Harbor, MI Metro Area",-0.705256659656832,1.0781640750266
"779",35700,"Nogales, AZ Micro Area",0.140688165726307,-0.386010457589609
"780",35740,"Norfolk, NE Micro Area",-0.709620460448419,0.942148229646582
"781",35820,"North Platte, NE Micro Area",-0.0080776754869971,-0.0173818792784372
"782",35860,"North Vernon, IN Micro Area",-1.25407706956595,-0.890564444060781
"783",35940,"Norwalk, OH Micro Area",-1.10895578602056,0.699035712866665
"784",36220,"Odessa, TX Metro Area",-0.59450222300774,-0.361443296626255
"785",36380,"Okeechobee, FL Micro Area",0.405633582119253,-0.509527323861496
"786",36420,"Oklahoma City, OK Metro Area",0.345342035908938,1.23817084969822
"787",36620,"Ontario, OR-ID Micro Area",-0.610242271111668,-0.194223824141664
"788",36820,"Oskaloosa, IA Micro Area",-1.02365866721421,-0.112102489916963
"789",36830,"Othello, WA Micro Area",-1.16054303978088,-2.04041102299416
"790",36840,"Ottawa, KS Micro Area",-0.994799789998313,-0.864469403579168
"791",36900,"Ottumwa, IA Micro Area",-0.585852526682878,0.0236048153792429
"792",36940,"Owatonna, MN Micro Area",-1.08863012549267,-0.256007691484384
"793",36980,"Owensboro, KY Metro Area",-0.675223862894241,1.61971711189838
"794",37020,"Owosso, MI Micro Area",-0.695423577272254,0.367290143287361
"795",37140,"Paducah, KY-IL Micro Area",0.275618149536865,0.327274322917578
"796",37220,"Pahrump, NV Micro Area",1.41624033830818,-0.89271723009096
"797",37420,"Pampa, TX Micro Area",-0.551951016089932,-0.0562547917826678
"798",37500,"Paragould, AR Micro Area",-1.44557825402976,-0.688107025465784
"799",37580,"Paris, TX Micro Area",-1.14166637377124,0.0344448422078962
"800",37660,"Parsons, KS Micro Area",-1.19800275970565,-0.560240252996713
"801",37780,"Pecos, TX Micro Area",-0.686360812095676,-1.24974501681592
"802",38060,"Phoenix-Mesa-Scottsdale, AZ Metro Area",2.166379475174,-0.95720078561773
"803",38100,"Picayune, MS Micro Area",-0.327393900893089,0.110485363059344
"804",38180,"Pierre, SD Micro Area",0.650543583663207,-0.193823767023139
"805",38260,"Pittsburg, KS Micro Area",-0.341645706232379,-0.0470337692748538
"806",38340,"Pittsfield, MA Metro Area",1.0040810632224,-0.0794833797905751
"807",38380,"Plainview, TX Micro Area",-0.876435253803942,-0.843356043443877
"808",38500,"Plymouth, IN Micro Area",-1.80445089140746,0.142385895057321
"809",38540,"Pocatello, ID Metro Area",0.388262954827114,-0.219214595547033
"810",38620,"Ponca City, OK Micro Area",-0.704053089556254,1.16623813844035
"811",38700,"Pontiac, IL Micro Area",-1.47189763155664,0.541481495112887
"812",38740,"Poplar Bluff, MO Micro Area",-0.201870921833328,-0.763999039041391
"813",38780,"Portales, NM Micro Area",0.1055245629985,-0.955759282845904
"814",38840,"Port Clinton, OH Micro Area",0.397823806022639,-0.46084127326446
"815",38920,"Port Lavaca, TX Micro Area",1.33018004641622,-1.34940187016423
"816",39140,"Prescott, AZ Metro Area",1.02740643335969,-0.302688287694871
"817",39220,"Price, UT Micro Area",-0.112651589174512,-0.466867537743449
"818",39380,"Pueblo, CO Metro Area",0.128508111012404,0.0660058162654938
"819",39420,"Pullman, WA Micro Area",0.947691946492332,-1.16750424998311
"820",39460,"Punta Gorda, FL Metro Area",1.68089902685732,-1.17438417732935
"821",39500,"Quincy, IL-MO Micro Area",-0.223255622186466,0.499312199336799
"822",39540,"Racine, WI Metro Area",-0.686719160193443,2.24300773174414
"823",39700,"Raymondville, TX Micro Area",0.675866469583921,-1.25226911211376
"824",39980,"Richmond, IN Micro Area",-1.31179260948473,0.643517103740356
"825",40080,"Richmond-Berea, KY Micro Area",-0.345601506470095,-0.233880913517713
"826",40100,"Rio Grande City, TX Micro Area",0.410363577714316,-1.32751804448816
"827",40180,"Riverton, WY Micro Area",0.489063482252307,-0.213678478521585
"828",40300,"Rochelle, IL Micro Area",-0.933161976115606,0.15408728090821
"829",40540,"Rock Springs, WY Micro Area",-0.245038339949417,-0.819479769912742
"830",40740,"Roswell, NM Micro Area",0.205778605196576,0.018473151527235
"831",40940,"Safford, AZ Micro Area",0.204294342273537,-1.11799326307785
"832",41060,"St. Cloud, MN Metro Area",-0.737923061672394,1.87043027704223
"833",41100,"St. George, UT Metro Area",1.30361960695497,-0.403265687596769
"834",41460,"Salina, KS Micro Area",-0.757517634073946,0.143751975358812
"835",41620,"Salt Lake City, UT Metro Area",1.83336914244583,-1.20107070255365
"836",41660,"San Angelo, TX Metro Area",-0.17505850946111,0.956619676748281
"837",42140,"Santa Fe, NM Metro Area",2.36840606402989,-1.63056185369034
"838",42200,"Santa Maria-Santa Barbara, CA Metro Area",2.03410937662343,-0.887548687065414
"839",42420,"Scottsbluff, NE Micro Area",-0.219876525771628,0.239825465061136
"840",42700,"Sebring, FL Metro Area",0.808265099648878,-0.636470808037226
"841",42740,"Sedalia, MO Micro Area",-0.71939302132076,0.0565996082061169
"842",42900,"Seneca Falls, NY Micro Area",0.264778168439196,-1.04011324192552
"843",42940,"Sevierville, TN Micro Area",2.25093413704307,-1.29863420575595
"844",43060,"Shawnee, OK Micro Area",-0.573095351201297,0.264745970963908
"845",43100,"Sheboygan, WI Metro Area",-1.50000749708899,0.0217343596169842
"846",43180,"Shelbyville, TN Micro Area",-0.938526815404062,-0.989934355481159
"847",43260,"Sheridan, WY Micro Area",0.982023794198134,-0.408100674659053
"848",43300,"Sherman-Denison, TX Metro Area",-0.770697122265821,0.8707633841638
"849",43380,"Sidney, OH Micro Area",-2.13362531376303,-0.615383791981999
"850",43420,"Sierra Vista-Douglas, AZ Metro Area",1.00944456915809,-0.541009367987588
"851",43460,"Sikeston, MO Micro Area",-0.393448663255259,0.21811202723535
"852",43580,"Sioux City, IA-NE-SD Metro Area",-0.826947851804701,0.769083788069959
"853",43620,"Sioux Falls, SD Metro Area",-0.239863643709506,0.847857984057308
"854",43660,"Snyder, TX Micro Area",-0.439662745705193,-0.680632323812918
"855",43980,"Spencer, IA Micro Area",-0.110298013180976,0.75521832523604
"856",44100,"Springfield, IL Metro Area",0.555163468532055,-0.272614084775874
"857",44220,"Springfield, OH Metro Area",-1.63981820991764,0.823943025568952
"858",44460,"Steamboat Springs, CO Micro Area",2.38111503747432,-1.30383980534454
"859",44500,"Stephenville, TX Micro Area",-0.335434542499257,0.161243741896525
"860",44540,"Sterling, CO Micro Area",-0.352207047287092,-0.151361753929354
"861",44580,"Sterling, IL Micro Area",-0.889152755914744,0.863356840303604
"862",44660,"Stillwater, OK Micro Area",0.225968534827056,0.539750862087885
"863",44740,"Storm Lake, IA Micro Area",-0.737235734484871,-1.31813825678956
"864",44780,"Sturgis, MI Micro Area",-1.36093574236202,0.264448281997087
"865",44860,"Sulphur Springs, TX Micro Area",-0.862072334309958,-0.192624067107743
"866",44920,"Summit Park, UT Micro Area",3.01518324084167,-1.39485008969196
"867",45020,"Sweetwater, TX Micro Area",-0.190022787296659,-1.03889340136626
"868",45140,"Tahlequah, OK Micro Area",0.248813346067913,-0.150343928587012
"869",45380,"Taylorville, IL Micro Area",-0.443633341205393,-0.868283279910068
"870",45540,"The Villages, FL Metro Area",0.978513002972535,-0.826831718653324
"871",45660,"Tiffin, OH Micro Area",-0.836938808813309,0.336347304710713
"872",45740,"Toccoa, GA Micro Area",-0.932016215994409,-0.452374368485146
"873",45820,"Topeka, KS Metro Area",0.134266251505151,0.292535587661489
"874",45940,"Trenton, NJ Metro Area",2.23225596309992,-0.691946304268099
"875",46060,"Tucson, AZ Metro Area",2.02166738848661,-0.916707910998464
"876",46300,"Twin Falls, ID Micro Area",-0.296351023259282,0.265424657303121
"877",46460,"Union City, TN-KY Micro Area",-0.573606845877533,0.337991819268439
"878",46500,"Urbana, OH Micro Area",-0.90927934155397,-0.941254888620607
"879",46700,"Vallejo-Fairfield, CA Metro Area",0.63611890752975,0.48761576076431
"880",46780,"Van Wert, OH Micro Area",-1.06573336911357,-0.00764823547284761
"881",46820,"Vermillion, SD Micro Area",0.218031211150495,-1.04077113845131
"882",46900,"Vernon, TX Micro Area",-0.10894034202591,-1.28133292509126
"883",47020,"Victoria, TX Metro Area",0.182955155945299,0.32144816614898
"884",47180,"Vincennes, IN Micro Area",-0.590491663550549,0.702214346704237
"885",47340,"Wabash, IN Micro Area",-0.882693864070105,-0.0767720284147727
"886",47380,"Waco, TX Metro Area",-0.5299258389366,0.973173649145489
"887",47420,"Wahpeton, ND-MN Micro Area",-1.06094798878467,0.0464229038455603
"888",47540,"Wapakoneta, OH Micro Area",-1.52607290751806,-0.275560274837494
"889",47660,"Warrensburg, MO Micro Area",-0.13117432281569,-0.42954755920409
"890",47700,"Warsaw, IN Micro Area",-1.09369331617736,0.702799824127529
"891",47780,"Washington, IN Micro Area",-0.713826017937836,0.0584524002403365
"892",47920,"Washington Court House, OH Micro Area",-0.751329664220629,-0.517415238080373
"893",47940,"Waterloo-Cedar Falls, IA Metro Area",-0.963459507942567,1.23960329617322
"894",48020,"Watertown-Fort Atkinson, WI Micro Area",-0.627996873970739,1.01360882858471
"895",48220,"Weatherford, OK Micro Area",-0.0699290738092276,-0.0318521618585658
"896",48260,"Weirton-Steubenville, WV-OH Metro Area",-0.469982375097083,0.266198545169774
"897",48580,"Whitewater-Elkhorn, WI Micro Area",-0.569276776667402,1.26036363500576
"898",48620,"Wichita, KS Metro Area",-0.314627092709101,1.51158302962285
"899",48660,"Wichita Falls, TX Metro Area",-0.364884027566552,0.916776329515152
"900",48780,"Williston, ND Micro Area",-0.181156031485123,-1.16792019807496
"901",48820,"Willmar, MN Micro Area",-0.296438090027765,0.083993780684326
"902",48940,"Wilmington, OH Micro Area",-1.24800721145859,-1.1469103500343
"903",49020,"Winchester, VA-WV Metro Area",-0.280622482058003,0.320565409370529
"904",49080,"Winnemucca, NV Micro Area",-0.218639435999479,-1.4170339011289
"905",49100,"Winona, MN Micro Area",-1.12250045436144,0.687725789455081
"906",49260,"Woodward, OK Micro Area",-0.624829797248426,-0.646937275767227
"907",49300,"Wooster, OH Micro Area",-1.6254603868498,2.51003789908901
"908",49380,"Worthington, MN Micro Area",-0.835855798627774,-1.01178426007096
"909",49460,"Yankton, SD Micro Area",-0.890806049825436,-0.682341373384991
"910",49740,"Yuma, AZ Metro Area",0.212306106281232,-0.630555225030669
"911",49820,"Zapata, TX Micro Area",0.0683712852990562,-1.97852764916168
"912",43500,"Silver City, NM Micro Area",0.700323879339361,-1.07777055816262
"913",10460,"Alamogordo, NM Micro Area",0.910340437372868,-0.689793841927965
"914",45340,"Taos, NM Micro Area",1.64967891873962,-1.05225758092683
"915",23700,"Gallup, NM Micro Area",0.523425750494482,-0.893426913987872
"916",24380,"Grants, NM Micro Area",0.309556613231279,-1.16631915588446
"917",31060,"Los Alamos, NM Micro Area",2.41667271411586,-2.2947580249347
